date,fajr,sunrise,zenith,dhuhr,collective_dhuhr,asr,maghrib,isha,hijri_day,hijri_month,hijri_year,flags
2026-08-01,02:57,04:56,12:52,13:02,13:15,18:16,20:54,22:18,16,safar,1447,
2026-08-02,02:58,04:57,12:52,13:02,13:15,18:15,20:52,23:15,17,safar,1447,source_asterisk_isha
2026-08-03,01:10,04:59,12:52,13:02,13:15,18:14,20:50,23:11,18,safar,1447,source_asterisk_fajr
2026-08-04,01:26,05:01,12:52,13:02,13:15,18:12,20:48,23:06,19,safar,1447,
2026-08-05,01:36,05:03,12:52,13:02,13:15,18:11,20:46,23:02,20,safar,1447,
2026-08-06,01:45,05:04,12:52,13:02,13:15,18:10,20:44,22:59,21,safar,1447,
2026-08-07,01:52,05:06,12:52,13:02,13:15,18:09,20:42,22:55,22,safar,1447,
2026-08-08,01:59,05:08,12:52,13:02,13:15,18:07,20:40,22:51,23,safar,1447,
2026-08-09,02:05,05:10,12:52,13:02,13:15,18:06,20:38,22:47,24,safar,1447,
2026-08-10,02:11,05:11,12:51,13:01,13:15,18:05,20:36,22:43,25,safar,1447,
2026-08-11,02:16,05:13,12:51,13:01,13:15,18:03,20:34,22:40,26,safar,1447,
2026-08-12,02:21,05:15,12:51,13:01,13:15,18:02,20:32,22:36,27,safar,1447,
2026-08-13,02:26,05:17,12:51,13:01,13:15,18:00,20:30,22:32,28,safar,1447,
2026-08-14,02:30,05:19,12:51,13:01,13:15,17:59,20:28,22:29,29,safar,1447,
2026-08-15,02:35,05:20,12:51,13:01,13:15,17:57,20:25,22:25,1,rabi_al_awwal,1447,
2026-08-16,02:39,05:22,12:50,13:00,13:15,17:56,20:23,22:22,2,rabi_al_awwal,1447,
2026-08-17,02:43,05:24,12:50,13:00,13:15,17:54,20:21,22:18,3,rabi_al_awwal,1447,
2026-08-18,02:47,05:26,12:50,13:00,13:15,17:53,20:19,22:15,4,rabi_al_awwal,1447,
2026-08-19,02:51,05:28,12:50,13:00,13:15,17:51,20:17,22:11,5,rabi_al_awwal,1447,
2026-08-20,02:55,05:29,12:49,12:49,13:15,17:49,20:14,22:08,6,rabi_al_awwal,1447,source_dhuhr_equals_zenith
2026-08-21,02:59,05:31,12:49,12:49,13:15,17:48,20:12,22:05,7,rabi_al_awwal,1447,source_dhuhr_equals_zenith
2026-08-22,03:02,05:33,12:49,12:49,13:15,17:46,20:10,22:01,8,rabi_al_awwal,1447,source_dhuhr_equals_zenith
2026-08-23,03:06,05:35,12:49,12:49,13:15,17:44,20:07,21:58,9,rabi_al_awwal,1447,source_dhuhr_equals_zenith
2026-08-24,03:09,05:37,12:48,12:48,13:53,17:43,20:05,21:55,10,rabi_al_awwal,1447,source_dhuhr_equals_zenith;requires_review_collective_outlier
2026-08-25,03:13,05:39,12:48,12:48,13:15,17:41,20:03,21:51,11,rabi_al_awwal,1447,source_dhuhr_equals_zenith
2026-08-26,03:16,05:40,12:48,12:48,13:15,17:39,20:00,21:48,12,rabi_al_awwal,1447,source_dhuhr_equals_zenith
2026-08-27,03:19,05:42,12:48,12:48,13:15,17:37,19:58,21:45,13,rabi_al_awwal,1447,source_dhuhr_equals_zenith
2026-08-28,03:22,05:44,12:47,12:47,13:15,17:36,19:55,21:42,14,rabi_al_awwal,1447,source_dhuhr_equals_zenith
2026-08-29,03:25,05:46,12:47,12:47,13:15,17:34,19:53,21:38,15,rabi_al_awwal,1447,source_dhuhr_equals_zenith
2026-08-30,03:28,05:48,12:47,12:47,13:15,17:32,19:51,21:35,16,rabi_al_awwal,1447,source_dhuhr_equals_zenith
2026-08-31,03:31,05:49,12:46,12:56,13:15,17:30,19:48,21:32,17,rabi_al_awwal,1447,requires_review_dhuhr_source_value
