date,field,monthly_photo,annual_pdf,status
2026-08-20,dhuhr,12:49,12:59,requires_approver_resolution
2026-08-21,dhuhr,12:49,12:59,requires_approver_resolution
2026-08-22,dhuhr,12:49,12:59,requires_approver_resolution
2026-08-23,dhuhr,12:49,12:59,requires_approver_resolution
2026-08-24,dhuhr,12:48,12:58,requires_approver_resolution
2026-08-24,dhuhr_congregation,13:53,13:15,requires_approver_resolution
2026-08-25,dhuhr,12:48,12:58,requires_approver_resolution
2026-08-26,dhuhr,12:48,12:58,requires_approver_resolution
2026-08-27,dhuhr,12:48,12:58,requires_approver_resolution
2026-08-28,dhuhr,12:47,12:57,requires_approver_resolution
2026-08-29,dhuhr,12:47,12:57,requires_approver_resolution
2026-08-30,dhuhr,12:47,12:57,requires_approver_resolution
