date,fajr,recommended_fajr,sunrise,zenith,dhuhr,collective_dhuhr,asr,maghrib,isha,flags
2026-01-01,06:52,07:37,09:05,12:50,13:00,13:15,14:48,16:41,18:27,
2026-01-02,06:52,07:36,09:04,12:50,13:00,13:15,14:49,16:42,18:28,
2026-01-03,06:52,07:36,09:04,12:50,13:00,13:15,14:50,16:43,18:29,
2026-01-04,06:52,07:36,09:04,12:51,13:01,13:15,14:51,16:44,18:30,
2026-01-05,06:52,07:35,09:03,12:51,13:01,13:15,14:52,16:46,18:31,
2026-01-06,06:52,07:35,09:03,12:52,13:02,13:15,14:54,16:47,18:32,
2026-01-07,06:51,07:34,09:02,12:52,13:02,13:15,14:55,16:48,18:33,
2026-01-08,06:51,07:34,09:02,12:53,13:03,13:15,14:56,16:50,18:34,
2026-01-09,06:51,07:33,09:01,12:53,13:03,13:15,14:58,16:51,18:36,
2026-01-10,06:50,07:32,09:00,12:53,13:03,13:15,14:59,16:53,18:37,
2026-01-11,06:50,07:32,09:00,12:54,13:04,13:15,15:01,16:54,18:38,
2026-01-12,06:49,07:31,08:59,12:54,13:04,13:15,15:02,16:56,18:40,
2026-01-13,06:49,07:30,08:58,12:55,13:05,13:15,15:04,16:58,18:41,
2026-01-14,06:48,07:29,08:57,12:55,13:05,13:15,15:05,16:59,18:42,
2026-01-15,06:48,07:28,08:56,12:55,13:05,13:15,15:07,17:01,18:44,
2026-01-16,06:47,07:27,08:55,12:56,13:06,13:15,15:09,17:03,18:45,
2026-01-17,06:46,07:26,08:54,12:56,13:06,13:15,15:10,17:05,18:46,
2026-01-18,06:45,07:25,08:53,12:56,13:06,13:15,15:12,17:06,18:48,
2026-01-19,06:45,07:24,08:52,12:57,13:07,13:15,15:14,17:08,18:49,
2026-01-20,06:44,07:22,08:50,12:57,13:07,13:15,15:15,17:10,18:51,
2026-01-21,06:43,07:21,08:49,12:57,13:07,13:15,15:17,17:12,18:52,
2026-01-22,06:42,07:20,08:48,12:58,13:08,13:15,15:19,17:14,18:54,
2026-01-23,06:41,07:18,08:46,12:58,13:08,13:15,15:21,17:16,18:56,
2026-01-24,06:40,07:17,08:45,12:58,13:08,13:15,15:22,17:18,18:57,
2026-01-25,06:39,07:16,08:44,12:58,13:08,13:15,15:24,17:20,18:59,
2026-01-26,06:38,07:14,08:42,12:59,13:09,13:15,15:26,17:22,19:00,
2026-01-27,06:36,07:13,08:41,12:59,13:09,13:15,15:28,17:24,19:02,
2026-01-28,06:35,07:11,08:39,12:59,13:09,13:15,15:30,17:26,19:04,
2026-01-29,06:34,07:09,08:37,12:59,13:09,13:15,15:32,17:28,19:05,
2026-01-30,06:33,07:08,08:36,12:59,13:09,13:15,15:33,17:30,19:07,
2026-01-31,06:31,07:06,08:34,12:59,13:09,13:15,15:35,17:32,19:09,
2026-02-01,06:30,07:04,08:32,13:00,13:10,13:15,15:37,17:34,19:10,
2026-02-02,06:28,07:03,08:31,13:00,13:10,13:15,15:39,17:36,19:12,
2026-02-03,06:27,07:01,08:29,13:00,13:10,13:15,15:41,17:38,19:14,
2026-02-04,06:25,06:59,08:27,13:00,13:10,13:15,15:43,17:40,19:16,
2026-02-05,06:24,06:57,08:25,13:00,13:10,13:15,15:45,17:42,19:17,
2026-02-06,06:22,06:55,08:23,13:00,13:10,13:15,15:47,17:44,19:19,
2026-02-07,06:21,06:53,08:21,13:00,13:10,13:15,15:48,17:46,19:21,
2026-02-08,06:19,06:51,08:19,13:00,13:10,13:15,15:50,17:48,19:23,
2026-02-09,06:17,06:49,08:17,13:00,13:10,13:15,15:52,17:50,19:25,
2026-02-10,06:15,06:47,08:15,13:00,13:10,13:15,15:54,17:52,19:26,
2026-02-11,06:14,06:45,08:13,13:00,13:10,13:15,15:56,17:54,19:28,
2026-02-12,06:12,06:43,08:11,13:00,13:10,13:15,15:58,17:56,19:30,
2026-02-13,06:10,06:41,08:09,13:00,13:10,13:15,16:00,17:58,19:32,
2026-02-14,06:08,06:39,08:07,13:00,13:10,13:15,16:02,18:00,19:34,
2026-02-15,06:06,06:37,08:05,13:00,13:10,13:15,16:04,18:02,19:35,
2026-02-16,06:04,06:35,08:03,13:00,13:10,13:15,16:05,18:04,19:37,
2026-02-17,06:02,06:33,08:01,13:00,13:10,13:15,16:07,18:06,19:39,
2026-02-18,06:00,06:30,07:58,13:00,13:10,13:15,16:09,18:08,19:41,
2026-02-19,05:58,06:28,07:56,13:00,13:10,13:15,16:11,18:10,19:43,
2026-02-20,05:56,06:26,07:54,13:00,13:10,13:15,16:13,18:12,19:45,
2026-02-21,05:54,06:24,07:52,13:00,13:10,13:15,16:15,18:14,19:47,
2026-02-22,05:52,06:22,07:50,12:59,13:09,13:15,16:16,18:16,19:49,
2026-02-23,05:50,06:19,07:47,12:59,13:09,13:15,16:18,18:18,19:50,
2026-02-24,05:48,06:17,07:45,12:59,13:09,13:15,16:20,18:20,19:52,
2026-02-25,05:45,06:15,07:43,12:59,13:09,13:15,16:22,18:22,19:54,
2026-02-26,05:43,06:12,07:40,12:59,13:09,13:15,16:24,18:24,19:56,
2026-02-27,05:41,06:10,07:38,12:59,13:09,13:15,16:25,18:26,19:58,
2026-02-28,05:38,06:08,07:36,12:59,13:09,13:15,16:27,18:28,20:00,
2026-03-01,05:36,06:05,07:33,12:58,13:08,13:15,16:29,18:30,20:02,
2026-03-02,05:34,06:03,07:31,12:58,13:08,13:15,16:31,18:32,20:04,
2026-03-03,05:31,06:01,07:29,12:58,13:08,13:15,16:32,18:34,20:06,
2026-03-04,05:29,05:58,07:26,12:58,13:08,13:15,16:34,18:36,20:08,
2026-03-05,05:26,05:56,07:24,12:58,13:08,13:15,16:36,18:38,20:10,
2026-03-06,05:24,05:53,07:21,12:57,13:07,13:15,16:37,18:40,20:12,
2026-03-07,05:21,05:51,07:19,12:57,13:07,13:15,16:39,18:42,20:14,
2026-03-08,05:19,05:48,07:16,12:57,13:07,13:15,16:41,18:44,20:16,
2026-03-09,05:16,05:46,07:14,12:57,13:07,13:15,16:42,18:46,20:18,
2026-03-10,05:14,05:44,07:12,12:56,13:06,13:15,16:44,18:48,20:20,
2026-03-11,05:11,05:41,07:09,12:56,13:06,13:15,16:46,18:50,20:22,
2026-03-12,05:08,05:39,07:07,12:56,13:06,13:15,16:47,18:52,20:24,
2026-03-13,05:06,05:36,07:04,12:56,13:06,13:15,16:49,18:54,20:26,
2026-03-14,05:03,05:34,07:02,12:55,13:05,13:15,16:50,18:56,20:28,
2026-03-15,05:00,05:31,06:59,12:55,13:05,13:15,16:52,18:58,20:30,
2026-03-16,04:57,05:29,06:57,12:55,13:05,13:15,16:54,19:00,20:32,
2026-03-17,04:55,05:26,06:54,12:54,13:04,13:15,16:55,19:02,20:35,
2026-03-18,04:52,05:24,06:52,12:54,13:04,13:15,16:57,19:03,20:37,
2026-03-19,04:49,05:21,06:49,12:54,13:04,13:15,16:58,19:05,20:39,
2026-03-20,04:46,05:19,06:47,12:54,13:04,13:15,17:00,19:07,20:41,
2026-03-21,04:43,05:16,06:44,12:53,13:03,13:15,17:01,19:09,20:43,
2026-03-22,04:40,05:14,06:42,12:53,13:03,13:15,17:03,19:11,20:45,
2026-03-23,04:37,05:11,06:39,12:53,13:03,13:15,17:04,19:13,20:48,
2026-03-24,04:35,05:09,06:37,12:52,13:02,13:15,17:06,19:15,20:50,
2026-03-25,04:32,05:06,06:34,12:52,13:02,13:15,17:07,19:17,20:52,
2026-03-26,04:29,05:04,06:32,12:52,13:02,13:15,17:09,19:19,20:54,
2026-03-27,04:25,05:01,06:29,12:51,13:01,13:15,17:10,19:21,20:57,
2026-03-28,04:22,04:59,06:27,12:51,13:01,13:15,17:12,19:22,20:59,
2026-03-29,04:19,04:56,06:24,12:51,13:01,13:15,17:13,19:24,21:01,
2026-03-30,04:16,04:54,06:22,12:51,13:01,13:15,17:15,19:26,21:03,
2026-03-31,04:13,04:51,06:19,12:50,13:00,13:15,17:16,19:28,21:06,
2026-04-01,04:10,04:49,06:17,12:50,13:00,13:15,17:17,19:30,21:08,
2026-04-02,04:07,04:46,06:14,12:50,13:00,13:15,17:19,19:32,21:11,
2026-04-03,04:03,04:44,06:12,12:49,12:59,13:15,17:20,19:34,21:13,
2026-04-04,04:00,04:42,06:10,12:49,12:59,13:15,17:21,19:36,21:15,
2026-04-05,03:57,04:39,06:07,12:49,12:59,13:15,17:23,19:38,21:18,
2026-04-06,03:54,04:37,06:05,12:48,12:58,13:15,17:24,19:39,21:20,
2026-04-07,03:50,04:34,06:02,12:48,12:58,13:15,17:26,19:41,21:23,
2026-04-08,03:47,04:32,06:00,12:48,12:58,13:15,17:27,19:43,21:25,
2026-04-09,03:43,04:29,05:57,12:48,12:58,13:15,17:28,19:45,21:28,
2026-04-10,03:40,04:27,05:55,12:47,12:57,13:15,17:30,19:47,21:31,
2026-04-11,03:36,04:24,05:52,12:47,12:57,13:15,17:31,19:49,21:33,
2026-04-12,03:33,04:22,05:50,12:47,12:57,13:15,17:32,19:51,21:36,
2026-04-13,03:29,04:20,05:48,12:47,12:57,13:15,17:33,19:53,21:39,
2026-04-14,03:26,04:17,05:45,12:46,12:56,13:15,17:35,19:55,21:41,
2026-04-15,03:22,04:15,05:43,12:46,12:56,13:15,17:36,19:57,21:44,
2026-04-16,03:18,04:13,05:41,12:46,12:56,13:15,17:37,19:58,21:47,
2026-04-17,03:15,04:10,05:38,12:46,12:56,13:15,17:39,20:00,21:50,
2026-04-18,03:11,04:08,05:36,12:45,12:55,13:15,17:40,20:02,21:52,
2026-04-19,03:07,04:05,05:33,12:45,12:55,13:15,17:41,20:04,21:55,
2026-04-20,03:03,04:03,05:31,12:45,12:55,13:15,17:42,20:06,21:58,
2026-04-21,02:59,04:01,05:29,12:45,12:55,13:15,17:44,20:08,22:01,
2026-04-22,02:55,03:59,05:27,12:45,12:55,13:15,17:45,20:10,22:04,
2026-04-23,02:51,03:56,05:24,12:44,12:54,13:15,17:46,20:12,22:07,
2026-04-24,02:47,03:54,05:22,12:44,12:54,13:15,17:47,20:14,22:10,
2026-04-25,02:42,03:52,05:20,12:44,12:54,13:15,17:48,20:15,22:14,
2026-04-26,02:38,03:50,05:18,12:44,12:54,13:15,17:50,20:17,22:17,
2026-04-27,02:33,03:47,05:15,12:44,12:54,13:15,17:51,20:19,22:20,
2026-04-28,02:29,03:45,05:13,12:44,12:54,13:15,17:52,20:21,22:23,
2026-04-29,02:24,03:43,05:11,12:43,12:53,13:15,17:53,20:23,22:27,
2026-04-30,02:19,03:41,05:09,12:43,12:53,13:15,17:54,20:25,22:30,
2026-05-01,02:14,03:39,05:07,12:43,12:53,13:15,17:55,20:27,22:33,
2026-05-02,02:08,03:37,05:05,12:43,12:53,13:15,17:56,20:29,22:37,
2026-05-03,02:03,03:35,05:03,12:43,12:53,13:15,17:58,20:30,22:40,
2026-05-04,01:57,03:33,05:01,12:43,12:53,13:15,17:59,20:32,22:44,
2026-05-05,01:51,03:31,04:59,12:43,12:53,13:15,18:00,20:34,22:48,
2026-05-06,01:44,03:29,04:57,12:43,12:53,13:15,18:01,20:36,22:52,
2026-05-07,01:36,03:27,04:55,12:43,12:53,13:15,18:02,20:38,22:55,
2026-05-08,01:28,03:25,04:53,12:43,12:53,13:15,18:03,20:40,22:59,
2026-05-09,01:18,03:23,04:51,12:42,12:52,13:15,18:04,20:41,23:03,
2026-05-10,01:04,03:21,04:49,12:42,12:52,13:15,18:05,20:43,22:07,source_summer_calculation_start_isha
2026-05-11,02:48,03:19,04:47,12:42,12:52,13:15,18:06,20:45,22:09,source_summer_calculation_start_fajr
2026-05-12,02:46,03:17,04:45,12:42,12:52,13:15,18:07,20:47,22:11,
2026-05-13,02:44,03:15,04:43,12:42,12:52,13:15,18:08,20:48,22:12,
2026-05-14,02:43,03:14,04:42,12:42,12:52,13:15,18:09,20:50,22:14,
2026-05-15,02:41,03:12,04:40,12:42,12:52,13:15,18:10,20:52,22:16,
2026-05-16,02:39,03:10,04:38,12:42,12:52,13:15,18:11,20:54,22:18,
2026-05-17,02:38,03:09,04:37,12:42,12:52,13:15,18:12,20:55,22:19,
2026-05-18,02:36,03:07,04:35,12:42,12:52,13:15,18:13,20:57,22:21,
2026-05-19,02:35,03:06,04:34,12:43,12:53,13:15,18:14,20:59,22:23,
2026-05-20,02:33,03:04,04:32,12:43,12:53,13:15,18:15,21:00,22:24,
2026-05-21,02:31,03:02,04:30,12:43,12:53,13:15,18:16,21:02,22:26,
2026-05-22,02:30,03:01,04:29,12:43,12:53,13:15,18:17,21:03,22:27,
2026-05-23,02:29,03:00,04:28,12:43,12:53,13:15,18:18,21:05,22:29,
2026-05-24,02:27,02:58,04:26,12:43,12:53,13:15,18:19,21:06,22:30,
2026-05-25,02:26,02:57,04:25,12:43,12:53,13:15,18:20,21:08,22:32,
2026-05-26,02:25,02:56,04:24,12:43,12:53,13:15,18:20,21:09,22:33,
2026-05-27,02:23,02:54,04:22,12:43,12:53,13:15,18:21,21:11,22:35,
2026-05-28,02:22,02:53,04:21,12:43,12:53,13:15,18:22,21:12,22:36,
2026-05-29,02:21,02:52,04:20,12:43,12:53,13:15,18:23,21:14,22:38,
2026-05-30,02:20,02:51,04:19,12:44,12:54,13:15,18:24,21:15,22:39,
2026-05-31,02:19,02:50,04:18,12:44,12:54,13:15,18:24,21:16,22:40,
2026-06-01,02:18,02:49,04:17,12:44,12:54,13:15,18:25,21:17,22:41,
2026-06-02,02:17,02:48,04:16,12:44,12:54,13:15,18:26,21:19,22:43,
2026-06-03,02:16,02:47,04:15,12:44,12:54,13:15,18:26,21:20,22:44,
2026-06-04,02:15,02:46,04:14,12:44,12:54,13:15,18:27,21:21,22:45,
2026-06-05,02:15,02:46,04:14,12:45,12:55,13:15,18:28,21:22,22:46,
2026-06-06,02:14,02:45,04:13,12:45,12:55,13:15,18:28,21:23,22:47,
2026-06-07,02:13,02:44,04:12,12:45,12:55,13:15,18:29,21:24,22:48,
2026-06-08,02:13,02:44,04:12,12:45,12:55,13:15,18:30,21:25,22:49,
2026-06-09,02:12,02:43,04:11,12:45,12:55,13:15,18:30,21:26,22:50,
2026-06-10,02:12,02:43,04:11,12:45,12:55,13:15,18:31,21:27,22:51,
2026-06-11,02:11,02:42,04:10,12:46,12:56,13:15,18:31,21:28,22:52,
2026-06-12,02:11,02:42,04:10,12:46,12:56,13:15,18:32,21:28,22:52,
2026-06-13,02:11,02:42,04:10,12:46,12:56,13:15,18:32,21:29,22:53,
2026-06-14,02:10,02:41,04:09,12:46,12:56,13:15,18:32,21:30,22:54,
2026-06-15,02:10,02:41,04:09,12:47,12:57,13:15,18:33,21:30,22:54,
2026-06-16,02:10,02:41,04:09,12:47,12:57,13:15,18:33,21:31,22:55,
2026-06-17,02:10,02:41,04:09,12:47,12:57,13:15,18:34,21:31,22:55,
2026-06-18,02:10,02:41,04:09,12:47,12:57,13:15,18:34,21:32,22:56,
2026-06-19,02:10,02:41,04:09,12:47,12:57,13:15,18:34,21:32,22:56,
2026-06-20,02:10,02:41,04:09,12:48,12:58,13:15,18:34,21:32,22:56,
2026-06-21,02:10,02:41,04:09,12:48,12:58,13:15,18:35,21:32,22:56,
2026-06-22,02:10,02:41,04:09,12:48,12:58,13:15,18:35,21:33,22:57,
2026-06-23,02:11,02:42,04:10,12:48,12:58,13:15,18:35,21:33,22:57,
2026-06-24,02:11,02:42,04:10,12:48,12:58,13:15,18:35,21:33,22:57,
2026-06-25,02:11,02:42,04:10,12:49,12:59,13:15,18:35,21:33,22:57,
2026-06-26,02:12,02:43,04:11,12:49,12:59,13:15,18:35,21:33,22:57,
2026-06-27,02:12,02:43,04:11,12:49,12:59,13:15,18:35,21:33,22:57,
2026-06-28,02:13,02:44,04:12,12:49,12:59,13:15,18:35,21:32,22:56,
2026-06-29,02:14,02:45,04:13,12:50,13:00,13:15,18:35,21:32,22:56,
2026-06-30,02:14,02:45,04:13,12:50,13:00,13:15,18:35,21:32,22:56,
2026-07-01,02:15,02:46,04:14,12:50,13:00,13:15,18:35,21:31,22:55,
2026-07-02,02:16,02:47,04:15,12:50,13:00,13:15,18:35,21:31,22:55,
2026-07-03,02:17,02:48,04:16,12:50,13:00,13:15,18:35,21:30,22:54,
2026-07-04,02:18,02:49,04:17,12:50,13:00,13:15,18:35,21:30,22:54,
2026-07-05,02:18,02:49,04:17,12:51,13:01,13:15,18:34,21:29,22:53,
2026-07-06,02:19,02:50,04:18,12:51,13:01,13:15,18:34,21:29,22:53,
2026-07-07,02:20,02:51,04:19,12:51,13:01,13:15,18:34,21:28,22:52,
2026-07-08,02:22,02:53,04:21,12:51,13:01,13:15,18:34,21:27,22:51,
2026-07-09,02:23,02:54,04:22,12:51,13:01,13:15,18:33,21:26,22:50,
2026-07-10,02:24,02:55,04:23,12:51,13:01,13:15,18:33,21:25,22:49,
2026-07-11,02:25,02:56,04:24,12:52,13:02,13:15,18:32,21:24,22:48,
2026-07-12,02:26,02:57,04:25,12:52,13:02,13:15,18:32,21:23,22:47,
2026-07-13,02:27,02:58,04:26,12:52,13:02,13:15,18:31,21:22,22:46,
2026-07-14,02:29,03:00,04:28,12:52,13:02,13:15,18:31,21:21,22:45,
2026-07-15,02:30,03:01,04:29,12:52,13:02,13:15,18:30,21:20,22:44,
2026-07-16,02:31,03:02,04:30,12:52,13:02,13:15,18:30,21:19,22:43,
2026-07-17,02:33,03:04,04:32,12:52,13:02,13:15,18:29,21:18,22:42,
2026-07-18,02:34,03:05,04:33,12:52,13:02,13:15,18:29,21:16,22:40,
2026-07-19,02:36,03:07,04:35,12:52,13:02,13:15,18:28,21:15,22:39,
2026-07-20,02:37,03:08,04:36,12:52,13:02,13:15,18:27,21:14,22:38,
2026-07-21,02:39,03:10,04:38,12:52,13:02,13:15,18:26,21:12,22:36,
2026-07-22,02:40,03:11,04:39,12:53,13:03,13:15,18:26,21:11,22:35,
2026-07-23,02:42,03:13,04:41,12:53,13:03,13:15,18:25,21:09,22:33,
2026-07-24,02:43,03:14,04:42,12:53,13:03,13:15,18:24,21:08,22:32,
2026-07-25,02:45,03:16,04:44,12:53,13:03,13:15,18:23,21:06,22:30,
2026-07-26,02:47,03:18,04:46,12:53,13:03,13:15,18:22,21:05,22:29,
2026-07-27,02:48,03:19,04:47,12:53,13:03,13:15,18:21,21:03,22:27,
2026-07-28,02:50,03:21,04:49,12:53,13:03,13:15,18:20,21:01,22:25,
2026-07-29,02:52,03:23,04:51,12:53,13:03,13:15,18:19,20:59,22:23,
2026-07-30,02:53,03:24,04:52,12:53,13:03,13:15,18:18,20:58,22:22,
2026-07-31,02:55,03:26,04:54,12:52,13:02,13:15,18:17,20:56,22:20,
2026-08-01,02:57,03:28,04:56,12:52,13:02,13:15,18:16,20:54,22:18,
2026-08-02,02:58,03:29,04:57,12:52,13:02,13:15,18:15,20:52,23:15,source_summer_calculation_end_isha
2026-08-03,01:10,03:31,04:59,12:52,13:02,13:15,18:14,20:50,23:11,source_summer_calculation_end_fajr
2026-08-04,01:26,03:33,05:01,12:52,13:02,13:15,18:12,20:48,23:06,
2026-08-05,01:36,03:35,05:03,12:52,13:02,13:15,18:11,20:46,23:02,
2026-08-06,01:45,03:36,05:04,12:52,13:02,13:15,18:10,20:44,22:59,
2026-08-07,01:52,03:38,05:06,12:52,13:02,13:15,18:09,20:42,22:55,
2026-08-08,01:59,03:40,05:08,12:52,13:02,13:15,18:07,20:40,22:51,
2026-08-09,02:05,03:42,05:10,12:52,13:02,13:15,18:06,20:38,22:47,
2026-08-10,02:11,03:43,05:11,12:51,13:01,13:15,18:05,20:36,22:43,
2026-08-11,02:16,03:45,05:13,12:51,13:01,13:15,18:03,20:34,22:40,
2026-08-12,02:21,03:47,05:15,12:51,13:01,13:15,18:02,20:32,22:36,
2026-08-13,02:26,03:49,05:17,12:51,13:01,13:15,18:00,20:30,22:32,
2026-08-14,02:30,03:51,05:19,12:51,13:01,13:15,17:59,20:28,22:29,
2026-08-15,02:35,03:52,05:20,12:51,13:01,13:15,17:57,20:25,22:25,
2026-08-16,02:39,03:54,05:22,12:50,13:00,13:15,17:56,20:23,22:22,
2026-08-17,02:43,03:56,05:24,12:50,13:00,13:15,17:54,20:21,22:18,
2026-08-18,02:47,03:58,05:26,12:50,13:00,13:15,17:53,20:19,22:15,
2026-08-19,02:51,04:00,05:28,12:50,13:00,13:15,17:51,20:17,22:11,
2026-08-20,02:55,04:01,05:29,12:49,12:59,13:15,17:49,20:14,22:08,
2026-08-21,02:59,04:03,05:31,12:49,12:59,13:15,17:48,20:12,22:05,
2026-08-22,03:02,04:05,05:33,12:49,12:59,13:15,17:46,20:10,22:01,
2026-08-23,03:06,04:07,05:35,12:49,12:59,13:15,17:44,20:07,21:58,
2026-08-24,03:09,04:09,05:37,12:48,12:58,13:15,17:43,20:05,21:55,
2026-08-25,03:13,04:11,05:39,12:48,12:58,13:15,17:41,20:03,21:51,
2026-08-26,03:16,04:12,05:40,12:48,12:58,13:15,17:39,20:00,21:48,
2026-08-27,03:19,04:14,05:42,12:48,12:58,13:15,17:37,19:58,21:45,
2026-08-28,03:22,04:16,05:44,12:47,12:57,13:15,17:36,19:55,21:42,
2026-08-29,03:25,04:18,05:46,12:47,12:57,13:15,17:34,19:53,21:38,
2026-08-30,03:28,04:20,05:48,12:47,12:57,13:15,17:32,19:51,21:35,
2026-08-31,03:31,04:21,05:49,12:46,12:56,13:15,17:30,19:48,21:32,
2026-09-01,03:34,04:23,05:51,12:46,12:56,13:15,17:28,19:46,21:29,
2026-09-02,03:37,04:25,05:53,12:46,12:56,13:15,17:26,19:43,21:26,
2026-09-03,03:40,04:27,05:55,12:45,12:55,13:15,17:25,19:41,21:23,
2026-09-04,03:43,04:29,05:57,12:45,12:55,13:15,17:23,19:38,21:20,
2026-09-05,03:46,04:30,05:58,12:45,12:55,13:15,17:21,19:36,21:16,
2026-09-06,03:48,04:32,06:00,12:44,12:54,13:15,17:19,19:33,21:13,
2026-09-07,03:51,04:34,06:02,12:44,12:54,13:15,17:17,19:31,21:10,
2026-09-08,03:54,04:36,06:04,12:44,12:54,13:15,17:15,19:29,21:07,
2026-09-09,03:56,04:38,06:06,12:43,12:53,13:15,17:13,19:26,21:04,
2026-09-10,03:59,04:39,06:07,12:43,12:53,13:15,17:11,19:24,21:01,
2026-09-11,04:01,04:41,06:09,12:43,12:53,13:15,17:09,19:21,20:58,
2026-09-12,04:04,04:43,06:11,12:42,12:52,13:15,17:07,19:19,20:55,
2026-09-13,04:06,04:45,06:13,12:42,12:52,13:15,17:05,19:16,20:52,
2026-09-14,04:09,04:47,06:15,12:42,12:52,13:15,17:03,19:14,20:50,
2026-09-15,04:11,04:48,06:16,12:41,12:51,13:15,17:01,19:11,20:47,
2026-09-16,04:14,04:50,06:18,12:41,12:51,13:15,16:59,19:08,20:44,
2026-09-17,04:16,04:52,06:20,12:41,12:51,13:15,16:56,19:06,20:41,
2026-09-18,04:18,04:54,06:22,12:40,12:50,13:15,16:54,19:03,20:38,
2026-09-19,04:21,04:56,06:24,12:40,12:50,13:15,16:52,19:01,20:35,
2026-09-20,04:23,04:58,06:26,12:40,12:50,13:15,16:50,18:58,20:32,
2026-09-21,04:25,04:59,06:27,12:39,12:49,13:15,16:48,18:56,20:30,
2026-09-22,04:27,05:01,06:29,12:39,12:49,13:15,16:46,18:53,20:27,
2026-09-23,04:30,05:03,06:31,12:38,12:48,13:15,16:44,18:51,20:24,
2026-09-24,04:32,05:05,06:33,12:38,12:48,13:15,16:42,18:48,20:21,
2026-09-25,04:34,05:07,06:35,12:38,12:48,13:15,16:39,18:46,20:19,
2026-09-26,04:36,05:08,06:36,12:37,12:47,13:15,16:37,18:43,20:16,
2026-09-27,04:38,05:10,06:38,12:37,12:47,13:15,16:35,18:41,20:13,
2026-09-28,04:40,05:12,06:40,12:37,12:47,13:15,16:33,18:38,20:11,
2026-09-29,04:43,05:14,06:42,12:36,12:46,13:15,16:31,18:36,20:08,
2026-09-30,04:45,05:16,06:44,12:36,12:46,13:15,16:29,18:33,20:05,
2026-10-01,04:47,05:18,06:46,12:36,12:46,13:15,16:26,18:31,20:03,
2026-10-02,04:49,05:19,06:47,12:35,12:45,13:15,16:24,18:28,20:00,
2026-10-03,04:51,05:21,06:49,12:35,12:45,13:15,16:22,18:26,19:57,
2026-10-04,04:53,05:23,06:51,12:35,12:45,13:15,16:20,18:23,19:55,
2026-10-05,04:55,05:25,06:53,12:34,12:44,13:15,16:18,18:21,19:52,
2026-10-06,04:57,05:27,06:55,12:34,12:44,13:15,16:16,18:19,19:50,
2026-10-07,04:59,05:29,06:57,12:34,12:44,13:15,16:13,18:16,19:47,
2026-10-08,05:01,05:31,06:59,12:34,12:44,13:15,16:11,18:14,19:45,
2026-10-09,05:03,05:32,07:00,12:33,12:43,13:15,16:09,18:11,19:43,
2026-10-10,05:05,05:34,07:02,12:33,12:43,13:15,16:07,18:09,19:40,
2026-10-11,05:07,05:36,07:04,12:33,12:43,13:15,16:05,18:06,19:38,
2026-10-12,05:09,05:38,07:06,12:33,12:43,13:15,16:03,18:04,19:35,
2026-10-13,05:10,05:40,07:08,12:32,12:42,13:15,16:00,18:02,19:33,
2026-10-14,05:12,05:42,07:10,12:32,12:42,13:15,15:58,17:59,19:31,
2026-10-15,05:14,05:44,07:12,12:32,12:42,13:15,15:56,17:57,19:28,
2026-10-16,05:16,05:46,07:14,12:32,12:42,13:15,15:54,17:55,19:26,
2026-10-17,05:18,05:48,07:16,12:31,12:41,13:15,15:52,17:52,19:24,
2026-10-18,05:20,05:50,07:18,12:31,12:41,13:15,15:50,17:50,19:22,
2026-10-19,05:22,05:52,07:20,12:31,12:41,13:15,15:48,17:48,19:20,
2026-10-20,05:24,05:54,07:22,12:31,12:41,13:15,15:46,17:45,19:17,
2026-10-21,05:25,05:55,07:23,12:31,12:41,13:15,15:44,17:43,19:15,
2026-10-22,05:27,05:57,07:25,12:31,12:41,13:15,15:42,17:41,19:13,
2026-10-23,05:29,05:59,07:27,12:30,12:40,13:15,15:39,17:39,19:11,
2026-10-24,05:31,06:01,07:29,12:30,12:40,13:15,15:37,17:36,19:09,
2026-10-25,05:33,06:03,07:31,12:30,12:40,13:15,15:35,17:34,19:07,
2026-10-26,05:34,06:05,07:33,12:30,12:40,13:15,15:33,17:32,19:05,
2026-10-27,05:36,06:07,07:35,12:30,12:40,13:15,15:31,17:30,19:03,
2026-10-28,05:38,06:09,07:37,12:30,12:40,13:15,15:29,17:28,19:01,
2026-10-29,05:40,06:11,07:39,12:30,12:40,13:15,15:28,17:26,18:59,
2026-10-30,05:41,06:13,07:41,12:30,12:40,13:15,15:26,17:23,18:57,
2026-10-31,05:43,06:15,07:43,12:30,12:40,13:15,15:24,17:21,18:56,
2026-11-01,05:45,06:17,07:45,12:30,12:40,13:15,15:22,17:19,18:54,
2026-11-02,05:47,06:19,07:47,12:30,12:40,13:15,15:20,17:17,18:52,
2026-11-03,05:48,06:21,07:49,12:30,12:40,13:15,15:18,17:15,18:50,
2026-11-04,05:50,06:23,07:51,12:30,12:40,13:15,15:16,17:13,18:49,
2026-11-05,05:52,06:25,07:53,12:30,12:40,13:15,15:15,17:12,18:47,
2026-11-06,05:53,06:27,07:55,12:30,12:40,13:15,15:13,17:10,18:45,
2026-11-07,05:55,06:29,07:57,12:30,12:40,13:15,15:11,17:08,18:44,
2026-11-08,05:57,06:31,07:59,12:30,12:40,13:15,15:09,17:06,18:42,
2026-11-09,05:58,06:33,08:01,12:30,12:40,13:15,15:08,17:04,18:41,
2026-11-10,06:00,06:35,08:03,12:30,12:40,13:15,15:06,17:02,18:39,
2026-11-11,06:02,06:37,08:05,12:30,12:40,13:15,15:04,17:01,18:38,
2026-11-12,06:03,06:39,08:07,12:30,12:40,13:15,15:03,16:59,18:37,
2026-11-13,06:05,06:41,08:09,12:30,12:40,13:15,15:01,16:57,18:35,
2026-11-14,06:06,06:43,08:11,12:30,12:40,13:15,15:00,16:56,18:34,
2026-11-15,06:08,06:45,08:13,12:31,12:41,13:15,14:58,16:54,18:33,
2026-11-16,06:10,06:46,08:14,12:31,12:41,13:15,14:57,16:53,18:31,
2026-11-17,06:11,06:48,08:16,12:31,12:41,13:15,14:56,16:51,18:30,
2026-11-18,06:13,06:50,08:18,12:31,12:41,13:15,14:54,16:50,18:29,
2026-11-19,06:14,06:52,08:20,12:31,12:41,13:15,14:53,16:48,18:28,
2026-11-20,06:16,06:54,08:22,12:32,12:42,13:15,14:52,16:47,18:27,
2026-11-21,06:17,06:56,08:24,12:32,12:42,13:15,14:51,16:45,18:26,
2026-11-22,06:19,06:58,08:26,12:32,12:42,13:15,14:49,16:44,18:25,
2026-11-23,06:20,06:59,08:27,12:32,12:42,13:15,14:48,16:43,18:24,
2026-11-24,06:21,07:01,08:29,12:33,12:43,13:15,14:47,16:42,18:23,
2026-11-25,06:23,07:03,08:31,12:33,12:43,13:15,14:46,16:41,18:22,
2026-11-26,06:24,07:05,08:33,12:33,12:43,13:15,14:45,16:39,18:22,
2026-11-27,06:26,07:06,08:34,12:34,12:44,13:15,14:44,16:38,18:21,
2026-11-28,06:27,07:08,08:36,12:34,12:44,13:15,14:43,16:37,18:20,
2026-11-29,06:28,07:10,08:38,12:34,12:44,13:15,14:43,16:37,18:20,
2026-11-30,06:29,07:11,08:39,12:35,12:45,13:15,14:42,16:36,18:19,
2026-12-01,06:31,07:13,08:41,12:35,12:45,13:15,14:41,16:35,18:19,
2026-12-02,06:32,07:14,08:42,12:35,12:45,13:15,14:40,16:34,18:18,
2026-12-03,06:33,07:16,08:44,12:36,12:46,13:15,14:40,16:33,18:18,
2026-12-04,06:34,07:17,08:45,12:36,12:46,13:15,14:39,16:33,18:17,
2026-12-05,06:35,07:19,08:47,12:37,12:47,13:15,14:39,16:32,18:17,
2026-12-06,06:37,07:20,08:48,12:37,12:47,13:15,14:38,16:32,18:17,
2026-12-07,06:38,07:21,08:49,12:37,12:47,13:15,14:38,16:31,18:17,
2026-12-08,06:39,07:23,08:51,12:38,12:48,13:15,14:38,16:31,18:16,
2026-12-09,06:40,07:24,08:52,12:38,12:48,13:15,14:37,16:30,18:16,
2026-12-10,06:41,07:25,08:53,12:39,12:49,13:15,14:37,16:30,18:16,
2026-12-11,06:42,07:26,08:54,12:39,12:49,13:15,14:37,16:30,18:16,
2026-12-12,06:43,07:27,08:55,12:40,12:50,13:15,14:37,16:30,18:16,
2026-12-13,06:43,07:28,08:56,12:40,12:50,13:15,14:37,16:30,18:16,
2026-12-14,06:44,07:29,08:57,12:41,12:51,13:15,14:37,16:30,18:16,
2026-12-15,06:45,07:30,08:58,12:41,12:51,13:15,14:37,16:30,18:17,
2026-12-16,06:46,07:31,08:59,12:42,12:52,13:15,14:37,16:30,18:17,
2026-12-17,06:46,07:32,09:00,12:42,12:52,13:15,14:38,16:30,18:17,
2026-12-18,06:47,07:33,09:01,12:43,12:53,13:15,14:38,16:30,18:17,
2026-12-19,06:48,07:33,09:01,12:43,12:53,13:15,14:38,16:31,18:18,
2026-12-20,06:48,07:34,09:02,12:44,12:54,13:15,14:39,16:31,18:18,
2026-12-21,06:49,07:35,09:03,12:44,12:54,13:15,14:39,16:32,18:19,
2026-12-22,06:49,07:35,09:03,12:45,12:55,13:15,14:39,16:32,18:19,
2026-12-23,06:50,07:36,09:04,12:45,12:55,13:15,14:40,16:33,18:20,
2026-12-24,06:50,07:36,09:04,12:46,12:56,13:15,14:41,16:33,18:20,
2026-12-25,06:51,07:36,09:04,12:46,12:56,13:15,14:41,16:34,18:21,
2026-12-26,06:51,07:36,09:04,12:47,12:57,13:15,14:42,16:35,18:22,
2026-12-27,06:51,07:37,09:05,12:47,12:57,13:15,14:43,16:35,18:22,
2026-12-28,06:52,07:37,09:05,12:47,12:57,13:15,14:44,16:36,18:23,
2026-12-29,06:52,07:37,09:05,12:48,12:58,13:15,14:45,16:37,18:24,
2026-12-30,06:52,07:37,09:05,12:48,12:58,13:15,14:45,16:38,18:25,
2026-12-31,06:52,07:37,09:05,12:49,12:59,13:15,14:46,16:39,18:26,
